,station_name,distance_to,name,price,rating,review_count,address,category
0,21st & Passyunk,833.5611446548486,Second District Brewing,$$,4.1,126,"1939 S Bancroft St, Philadelphia, PA 19145","Breweries, Beer Bar, American"
1,Huntingdon & Collins,1317.0022924618593,Evil Genius Beer,$$,4.1,317,"1727 N Front St, Philadelphia, PA 19122","Breweries, Beer Gardens"
2,Huntingdon & Collins,1481.975664120468,Kraftwork,$$,4.1,590,"541 E Girard Ave, Philadelphia, PA 19125","Gastropubs, New American, Breakfast & Brunch"
3,Main & Shurs,69.04129708265654,Manayunk Brewery,$$,3.4,811,"4120 Main St, Philadelphia, PA 19127","New American, Breweries, American"
4,University City Station,1388.51469722382,Dock Street Brewery South,$$,3.7,134,"2118 Washington Ave, Philadelphia, PA 19146","Venues & Event Spaces, Brewpubs"
5,Broad & Carpenter,1514.6941438063527,Second District Brewing,$$,4.1,126,"1939 S Bancroft St, Philadelphia, PA 19145","Breweries, Beer Bar, American"
6,Broad & Carpenter,1080.6594541849931,Dock Street Brewery South,$$,3.7,134,"2118 Washington Ave, Philadelphia, PA 19146","Venues & Event Spaces, Brewpubs"
7,Broad & Carpenter,992.0686390281248,Monk's Cafe,$$,4.0,2432,"264 S 16th St, Philadelphia, PA 19102","Pubs, Belgian"
8,Broad & Carpenter,1311.8237583238244,McGillin's Olde Ale House,$$,3.8,1165,"1310 Drury St, Philadelphia, PA 19107","Irish Pub, Venues & Event Spaces"
9,34th & Spruce,1729.265227518795,Dock Street Brewery South,$$,3.7,134,"2118 Washington Ave, Philadelphia, PA 19146","Venues & Event Spaces, Brewpubs"
10,20th & Market,1628.143351110892,Bar Hygge,$$,4.4,525,"1720 Fairmount Ave, Philadelphia, PA 19130","Comfort Food, Breakfast & Brunch, Brewpubs"
11,20th & Market,839.3114092708053,Monk's Cafe,$$,4.0,2432,"264 S 16th St, Philadelphia, PA 19102","Pubs, Belgian"
12,20th & Market,1053.9453166813553,McGillin's Olde Ale House,$$,3.8,1165,"1310 Drury St, Philadelphia, PA 19107","Irish Pub, Venues & Event Spaces"
13,"11th & Pine, Kahn Park",765.9759441870724,Monk's Cafe,$$,4.0,2432,"264 S 16th St, Philadelphia, PA 19102","Pubs, Belgian"
14,"11th & Pine, Kahn Park",609.9682691457539,McGillin's Olde Ale House,$$,3.8,1165,"1310 Drury St, Philadelphia, PA 19107","Irish Pub, Venues & Event Spaces"
15,"11th & Pine, Kahn Park",1393.2967619608337,Khyber Pass Pub,$$,4.2,942,"56 S 2nd St, Philadelphia, PA 19106","Gastropubs, Pubs, American"
16,Front & Queen,1315.9868030472087,Khyber Pass Pub,$$,4.2,942,"56 S 2nd St, Philadelphia, PA 19106","Gastropubs, Pubs, American"
17,18th & JFK Curbside,1479.2138992417572,Bar Hygge,$$,4.4,525,"1720 Fairmount Ave, Philadelphia, PA 19130","Comfort Food, Breakfast & Brunch, Brewpubs"
18,18th & JFK Curbside,720.9601491493074,Monk's Cafe,$$,4.0,2432,"264 S 16th St, Philadelphia, PA 19102","Pubs, Belgian"
19,18th & JFK Curbside,736.8823675497885,McGillin's Olde Ale House,$$,3.8,1165,"1310 Drury St, Philadelphia, PA 19107","Irish Pub, Venues & Event Spaces"
20,8th & Diamond,1434.1668085557578,Evil Genius Beer,$$,4.1,317,"1727 N Front St, Philadelphia, PA 19122","Breweries, Beer Gardens"
21,Temple University Station,1531.1288089177092,Evil Genius Beer,$$,4.1,317,"1727 N Front St, Philadelphia, PA 19122","Breweries, Beer Gardens"
22,"11th & Poplar, John F. Street Community Center",993.7999121790998,Bar Hygge,$$,4.4,525,"1720 Fairmount Ave, Philadelphia, PA 19130","Comfort Food, Breakfast & Brunch, Brewpubs"
23,"11th & Poplar, John F. Street Community Center",1105.5828612555545,Yards Brewing Company,$$,4.4,1048,"500 Spring Garden St, Philadelphia, PA 19123","Breweries, Venues & Event Spaces, New American"
24,7th & Fitzwater,1448.0604833635125,Monk's Cafe,$$,4.0,2432,"264 S 16th St, Philadelphia, PA 19102","Pubs, Belgian"
25,7th & Fitzwater,1280.928483033632,Khyber Pass Pub,$$,4.2,942,"56 S 2nd St, Philadelphia, PA 19106","Gastropubs, Pubs, American"
26,7th & Fitzwater,1320.1145801501418,McGillin's Olde Ale House,$$,3.8,1165,"1310 Drury St, Philadelphia, PA 19107","Irish Pub, Venues & Event Spaces"
27,6th & S Washington Square,664.0431226945635,Khyber Pass Pub,$$,4.2,942,"56 S 2nd St, Philadelphia, PA 19106","Gastropubs, Pubs, American"
28,6th & S Washington Square,1449.8853865273222,Monk's Cafe,$$,4.0,2432,"264 S 16th St, Philadelphia, PA 19102","Pubs, Belgian"
29,6th & S Washington Square,1054.2820482261877,McGillin's Olde Ale House,$$,3.8,1165,"1310 Drury St, Philadelphia, PA 19107","Irish Pub, Venues & Event Spaces"
30,2nd & George,915.5618201455692,Yards Brewing Company,$$,4.4,1048,"500 Spring Garden St, Philadelphia, PA 19123","Breweries, Venues & Event Spaces, New American"
31,2nd & George,1078.5104710909438,Evil Genius Beer,$$,4.1,317,"1727 N Front St, Philadelphia, PA 19122","Breweries, Beer Gardens"
32,2nd & George,1176.7792303237786,Kraftwork,$$,4.1,590,"541 E Girard Ave, Philadelphia, PA 19125","Gastropubs, New American, Breakfast & Brunch"
33,Broad & Cecil B. Moore,1487.3559216203985,Bar Hygge,$$,4.4,525,"1720 Fairmount Ave, Philadelphia, PA 19130","Comfort Food, Breakfast & Brunch, Brewpubs"
34,16th & Callowhill,797.1103855166231,Bar Hygge,$$,4.4,525,"1720 Fairmount Ave, Philadelphia, PA 19130","Comfort Food, Breakfast & Brunch, Brewpubs"
35,16th & Callowhill,1394.3022995973283,Monk's Cafe,$$,4.0,2432,"264 S 16th St, Philadelphia, PA 19102","Pubs, Belgian"
36,16th & Callowhill,1103.9897304273147,McGillin's Olde Ale House,$$,3.8,1165,"1310 Drury St, Philadelphia, PA 19107","Irish Pub, Venues & Event Spaces"
37,22nd & Spring Garden,749.7738523776284,Bar Hygge,$$,4.4,525,"1720 Fairmount Ave, Philadelphia, PA 19130","Comfort Food, Breakfast & Brunch, Brewpubs"
38,Girard & Palmer,714.0199890172613,Evil Genius Beer,$$,4.1,317,"1727 N Front St, Philadelphia, PA 19122","Breweries, Beer Gardens"
39,Girard & Palmer,77.99388938843697,Kraftwork,$$,4.1,590,"541 E Girard Ave, Philadelphia, PA 19125","Gastropubs, New American, Breakfast & Brunch"
40,18th & JFK,1491.1741885146328,Bar Hygge,$$,4.4,525,"1720 Fairmount Ave, Philadelphia, PA 19130","Comfort Food, Breakfast & Brunch, Brewpubs"
41,18th & JFK,692.1234366824326,Monk's Cafe,$$,4.0,2432,"264 S 16th St, Philadelphia, PA 19102","Pubs, Belgian"
42,18th & JFK,680.3612089973062,McGillin's Olde Ale House,$$,3.8,1165,"1310 Drury St, Philadelphia, PA 19107","Irish Pub, Venues & Event Spaces"
43,12th & Callowhill,1106.2350975347438,Bar Hygge,$$,4.4,525,"1720 Fairmount Ave, Philadelphia, PA 19130","Comfort Food, Breakfast & Brunch, Brewpubs"
44,12th & Callowhill,982.3022032909588,Yards Brewing Company,$$,4.4,1048,"500 Spring Garden St, Philadelphia, PA 19123","Breweries, Venues & Event Spaces, New American"
45,12th & Callowhill,1544.0395779281803,Monk's Cafe,$$,4.0,2432,"264 S 16th St, Philadelphia, PA 19102","Pubs, Belgian"
46,12th & Callowhill,1066.8375573125318,McGillin's Olde Ale House,$$,3.8,1165,"1310 Drury St, Philadelphia, PA 19107","Irish Pub, Venues & Event Spaces"
47,12th & Callowhill,1676.0785236188651,Khyber Pass Pub,$$,4.2,942,"56 S 2nd St, Philadelphia, PA 19106","Gastropubs, Pubs, American"
48,19th & Market,720.3478462135557,Monk's Cafe,$$,4.0,2432,"264 S 16th St, Philadelphia, PA 19102","Pubs, Belgian"
49,19th & Market,874.2097104138259,McGillin's Olde Ale House,$$,3.8,1165,"1310 Drury St, Philadelphia, PA 19107","Irish Pub, Venues & Event Spaces"
50,19th & Lombard,869.9289482257019,Dock Street Brewery South,$$,3.7,134,"2118 Washington Ave, Philadelphia, PA 19146","Venues & Event Spaces, Brewpubs"
51,19th & Lombard,500.03852712751507,Monk's Cafe,$$,4.0,2432,"264 S 16th St, Philadelphia, PA 19102","Pubs, Belgian"
52,19th & Lombard,1061.1854622444007,McGillin's Olde Ale House,$$,3.8,1165,"1310 Drury St, Philadelphia, PA 19107","Irish Pub, Venues & Event Spaces"
53,17th & Girard,593.219584311768,Bar Hygge,$$,4.4,525,"1720 Fairmount Ave, Philadelphia, PA 19130","Comfort Food, Breakfast & Brunch, Brewpubs"
54,17th & Girard,1877.5105160815554,Yards Brewing Company,$$,4.4,1048,"500 Spring Garden St, Philadelphia, PA 19123","Breweries, Venues & Event Spaces, New American"
55,Health Sciences Drive,1562.0341066050376,Dock Street Brewery South,$$,3.7,134,"2118 Washington Ave, Philadelphia, PA 19146","Venues & Event Spaces, Brewpubs"
56,"York-Dauphin Station, MFL",1020.0305174389448,Evil Genius Beer,$$,4.1,317,"1727 N Front St, Philadelphia, PA 19122","Breweries, Beer Gardens"
57,"York-Dauphin Station, MFL",1553.1601090201782,Kraftwork,$$,4.1,590,"541 E Girard Ave, Philadelphia, PA 19125","Gastropubs, New American, Breakfast & Brunch"
58,16th & Chestnut,409.10009757433994,Monk's Cafe,$$,4.0,2432,"264 S 16th St, Philadelphia, PA 19102","Pubs, Belgian"
59,16th & Chestnut,440.67262813873725,McGillin's Olde Ale House,$$,3.8,1165,"1310 Drury St, Philadelphia, PA 19107","Irish Pub, Venues & Event Spaces"
60,16th & Chestnut,1680.8687574933526,Dock Street Brewery South,$$,3.7,134,"2118 Washington Ave, Philadelphia, PA 19146","Venues & Event Spaces, Brewpubs"
61,22nd & Federal,174.06328940507228,Dock Street Brewery South,$$,3.7,134,"2118 Washington Ave, Philadelphia, PA 19146","Venues & Event Spaces, Brewpubs"
62,22nd & Federal,1419.1080617401838,Second District Brewing,$$,4.1,126,"1939 S Bancroft St, Philadelphia, PA 19145","Breweries, Beer Bar, American"
63,22nd & Federal,1497.330626429419,Monk's Cafe,$$,4.0,2432,"264 S 16th St, Philadelphia, PA 19102","Pubs, Belgian"
64,22nd & Federal,2040.379682015155,McGillin's Olde Ale House,$$,3.8,1165,"1310 Drury St, Philadelphia, PA 19107","Irish Pub, Venues & Event Spaces"
65,8th & Chestnut,1396.4344417691357,Yards Brewing Company,$$,4.4,1048,"500 Spring Garden St, Philadelphia, PA 19123","Breweries, Venues & Event Spaces, New American"
66,8th & Chestnut,715.5390693170297,McGillin's Olde Ale House,$$,3.8,1165,"1310 Drury St, Philadelphia, PA 19107","Irish Pub, Venues & Event Spaces"
67,8th & Chestnut,1218.6911707580284,Monk's Cafe,$$,4.0,2432,"264 S 16th St, Philadelphia, PA 19102","Pubs, Belgian"
68,8th & Chestnut,862.2997830654497,Khyber Pass Pub,$$,4.2,942,"56 S 2nd St, Philadelphia, PA 19106","Gastropubs, Pubs, American"
69,Pennsylvania Convention Center,1488.7585769068296,Bar Hygge,$$,4.4,525,"1720 Fairmount Ave, Philadelphia, PA 19130","Comfort Food, Breakfast & Brunch, Brewpubs"
70,Pennsylvania Convention Center,1442.7822749966892,Yards Brewing Company,$$,4.4,1048,"500 Spring Garden St, Philadelphia, PA 19123","Breweries, Venues & Event Spaces, New American"
71,Pennsylvania Convention Center,455.0470831452356,McGillin's Olde Ale House,$$,3.8,1165,"1310 Drury St, Philadelphia, PA 19107","Irish Pub, Venues & Event Spaces"
72,Pennsylvania Convention Center,935.5793406200917,Monk's Cafe,$$,4.0,2432,"264 S 16th St, Philadelphia, PA 19102","Pubs, Belgian"
73,Pennsylvania Convention Center,1589.154873853506,Khyber Pass Pub,$$,4.2,942,"56 S 2nd St, Philadelphia, PA 19106","Gastropubs, Pubs, American"
74,"Berks Station, MFL",346.9155770892082,Evil Genius Beer,$$,4.1,317,"1727 N Front St, Philadelphia, PA 19122","Breweries, Beer Gardens"
75,"Berks Station, MFL",967.7119192489117,Kraftwork,$$,4.1,590,"541 E Girard Ave, Philadelphia, PA 19125","Gastropubs, New American, Breakfast & Brunch"
76,26th & Poplar,1318.5354559698176,Bar Hygge,$$,4.4,525,"1720 Fairmount Ave, Philadelphia, PA 19130","Comfort Food, Breakfast & Brunch, Brewpubs"
77,13th & Mifflin,537.7126121218312,Second District Brewing,$$,4.1,126,"1939 S Bancroft St, Philadelphia, PA 19145","Breweries, Beer Bar, American"
78,13th & Mifflin,1767.676458315529,Dock Street Brewery South,$$,3.7,134,"2118 Washington Ave, Philadelphia, PA 19146","Venues & Event Spaces, Brewpubs"
79,Ridge & Master,988.1528406314387,Bar Hygge,$$,4.4,525,"1720 Fairmount Ave, Philadelphia, PA 19130","Comfort Food, Breakfast & Brunch, Brewpubs"
80,2nd & Lombard,766.416316278158,Khyber Pass Pub,$$,4.2,942,"56 S 2nd St, Philadelphia, PA 19106","Gastropubs, Pubs, American"
81,2nd & Lombard,1734.0393836125286,McGillin's Olde Ale House,$$,3.8,1165,"1310 Drury St, Philadelphia, PA 19107","Irish Pub, Venues & Event Spaces"
82,13th & Spruce,498.92345412797295,Monk's Cafe,$$,4.0,2432,"264 S 16th St, Philadelphia, PA 19102","Pubs, Belgian"
83,13th & Spruce,412.22819980748324,McGillin's Olde Ale House,$$,3.8,1165,"1310 Drury St, Philadelphia, PA 19107","Irish Pub, Venues & Event Spaces"
84,13th & Spruce,1640.2349499884372,Dock Street Brewery South,$$,3.7,134,"2118 Washington Ave, Philadelphia, PA 19146","Venues & Event Spaces, Brewpubs"
85,The Children's Hospital of Philadelphia (CHOP),1584.353706363774,Dock Street Brewery South,$$,3.7,134,"2118 Washington Ave, Philadelphia, PA 19146","Venues & Event Spaces, Brewpubs"
86,Corinthian & Poplar,637.5673616548846,Bar Hygge,$$,4.4,525,"1720 Fairmount Ave, Philadelphia, PA 19130","Comfort Food, Breakfast & Brunch, Brewpubs"
87,18th & Vine,1021.4118333515138,Bar Hygge,$$,4.4,525,"1720 Fairmount Ave, Philadelphia, PA 19130","Comfort Food, Breakfast & Brunch, Brewpubs"
88,18th & Vine,1170.170591640462,Monk's Cafe,$$,4.0,2432,"264 S 16th St, Philadelphia, PA 19102","Pubs, Belgian"
89,18th & Vine,1039.1677537198561,McGillin's Olde Ale House,$$,3.8,1165,"1310 Drury St, Philadelphia, PA 19107","Irish Pub, Venues & Event Spaces"
90,21st & Catharine,367.9019110216475,Dock Street Brewery South,$$,3.7,134,"2118 Washington Ave, Philadelphia, PA 19146","Venues & Event Spaces, Brewpubs"
91,21st & Catharine,994.8530989474393,Monk's Cafe,$$,4.0,2432,"264 S 16th St, Philadelphia, PA 19102","Pubs, Belgian"
92,21st & Catharine,1553.070339699591,McGillin's Olde Ale House,$$,3.8,1165,"1310 Drury St, Philadelphia, PA 19107","Irish Pub, Venues & Event Spaces"
93,18th & Chestnut,491.5262881765858,Monk's Cafe,$$,4.0,2432,"264 S 16th St, Philadelphia, PA 19102","Pubs, Belgian"
94,18th & Chestnut,703.4848640587768,McGillin's Olde Ale House,$$,3.8,1165,"1310 Drury St, Philadelphia, PA 19107","Irish Pub, Venues & Event Spaces"
95,18th & Chestnut,1579.7609244164755,Dock Street Brewery South,$$,3.7,134,"2118 Washington Ave, Philadelphia, PA 19146","Venues & Event Spaces, Brewpubs"
96,30th & Oakford,1189.2550216032796,Dock Street Brewery South,$$,3.7,134,"2118 Washington Ave, Philadelphia, PA 19146","Venues & Event Spaces, Brewpubs"
97,2nd & Race,874.7320933132464,Yards Brewing Company,$$,4.4,1048,"500 Spring Garden St, Philadelphia, PA 19123","Breweries, Venues & Event Spaces, New American"
98,2nd & Race,591.5127891973896,Khyber Pass Pub,$$,4.2,942,"56 S 2nd St, Philadelphia, PA 19106","Gastropubs, Pubs, American"
99,Darien & Catharine,1997.378762409822,Second District Brewing,$$,4.1,126,"1939 S Bancroft St, Philadelphia, PA 19145","Breweries, Beer Bar, American"
100,Darien & Catharine,1327.4294741855806,Monk's Cafe,$$,4.0,2432,"264 S 16th St, Philadelphia, PA 19102","Pubs, Belgian"
101,Darien & Catharine,1511.1438755769077,Khyber Pass Pub,$$,4.2,942,"56 S 2nd St, Philadelphia, PA 19106","Gastropubs, Pubs, American"
102,Darien & Catharine,1298.6797974054389,McGillin's Olde Ale House,$$,3.8,1165,"1310 Drury St, Philadelphia, PA 19107","Irish Pub, Venues & Event Spaces"
103,Moyamensing & Ritner,1052.047028856282,Second District Brewing,$$,4.1,126,"1939 S Bancroft St, Philadelphia, PA 19145","Breweries, Beer Bar, American"
104,9th & Race,939.3208742298333,Yards Brewing Company,$$,4.4,1048,"500 Spring Garden St, Philadelphia, PA 19123","Breweries, Venues & Event Spaces, New American"
105,9th & Race,1688.008718336749,Bar Hygge,$$,4.4,525,"1720 Fairmount Ave, Philadelphia, PA 19130","Comfort Food, Breakfast & Brunch, Brewpubs"
106,9th & Race,859.2913640031134,McGillin's Olde Ale House,$$,3.8,1165,"1310 Drury St, Philadelphia, PA 19107","Irish Pub, Venues & Event Spaces"
107,9th & Race,1418.8967024075434,Monk's Cafe,$$,4.0,2432,"264 S 16th St, Philadelphia, PA 19102","Pubs, Belgian"
108,9th & Race,1113.6808765402761,Khyber Pass Pub,$$,4.2,942,"56 S 2nd St, Philadelphia, PA 19106","Gastropubs, Pubs, American"
109,York & Trenton,833.62578804885,Evil Genius Beer,$$,4.1,317,"1727 N Front St, Philadelphia, PA 19122","Breweries, Beer Gardens"
110,York & Trenton,1089.1878440333664,Kraftwork,$$,4.1,590,"541 E Girard Ave, Philadelphia, PA 19125","Gastropubs, New American, Breakfast & Brunch"
111,York & Aramingo,1053.8866746147332,Evil Genius Beer,$$,4.1,317,"1727 N Front St, Philadelphia, PA 19122","Breweries, Beer Gardens"
112,York & Aramingo,681.6290722875093,Kraftwork,$$,4.1,590,"541 E Girard Ave, Philadelphia, PA 19125","Gastropubs, New American, Breakfast & Brunch"
113,5th & Wolf,1596.068468282977,Second District Brewing,$$,4.1,126,"1939 S Bancroft St, Philadelphia, PA 19145","Breweries, Beer Bar, American"
114,12th & Carpenter,1610.2408004370336,Second District Brewing,$$,4.1,126,"1939 S Bancroft St, Philadelphia, PA 19145","Breweries, Beer Bar, American"
115,12th & Carpenter,1347.356059452227,Dock Street Brewery South,$$,3.7,134,"2118 Washington Ave, Philadelphia, PA 19146","Venues & Event Spaces, Brewpubs"
116,12th & Carpenter,1084.6628072002868,Monk's Cafe,$$,4.0,2432,"264 S 16th St, Philadelphia, PA 19102","Pubs, Belgian"
117,12th & Carpenter,1291.8461738390572,McGillin's Olde Ale House,$$,3.8,1165,"1310 Drury St, Philadelphia, PA 19107","Irish Pub, Venues & Event Spaces"
118,Grays Ferry & Pemberton,594.5677897398496,Dock Street Brewery South,$$,3.7,134,"2118 Washington Ave, Philadelphia, PA 19146","Venues & Event Spaces, Brewpubs"
119,Grays Ferry & Pemberton,1170.0502111760866,Monk's Cafe,$$,4.0,2432,"264 S 16th St, Philadelphia, PA 19102","Pubs, Belgian"
120,"18th & Fernon, Aquinas Center",534.6027748961988,Second District Brewing,$$,4.1,126,"1939 S Bancroft St, Philadelphia, PA 19145","Breweries, Beer Bar, American"
121,"18th & Fernon, Aquinas Center",1007.9079126988005,Dock Street Brewery South,$$,3.7,134,"2118 Washington Ave, Philadelphia, PA 19146","Venues & Event Spaces, Brewpubs"
122,17th & Spring Garden,470.9964126622482,Bar Hygge,$$,4.4,525,"1720 Fairmount Ave, Philadelphia, PA 19130","Comfort Food, Breakfast & Brunch, Brewpubs"
123,17th & Spring Garden,1435.2008899249715,McGillin's Olde Ale House,$$,3.8,1165,"1310 Drury St, Philadelphia, PA 19107","Irish Pub, Venues & Event Spaces"
124,24th & Jackson,1166.3979824105666,Second District Brewing,$$,4.1,126,"1939 S Bancroft St, Philadelphia, PA 19145","Breweries, Beer Bar, American"
125,27th & Girard,1420.014102110751,Bar Hygge,$$,4.4,525,"1720 Fairmount Ave, Philadelphia, PA 19130","Comfort Food, Breakfast & Brunch, Brewpubs"
126,17th & Pine,199.6943130325792,Monk's Cafe,$$,4.0,2432,"264 S 16th St, Philadelphia, PA 19102","Pubs, Belgian"
127,17th & Pine,752.7721095177476,McGillin's Olde Ale House,$$,3.8,1165,"1310 Drury St, Philadelphia, PA 19107","Irish Pub, Venues & Event Spaces"
128,17th & Pine,1134.5885122150196,Dock Street Brewery South,$$,3.7,134,"2118 Washington Ave, Philadelphia, PA 19146","Venues & Event Spaces, Brewpubs"
129,11th & South,913.1389683566124,Monk's Cafe,$$,4.0,2432,"264 S 16th St, Philadelphia, PA 19102","Pubs, Belgian"
130,11th & South,853.292784385625,McGillin's Olde Ale House,$$,3.8,1165,"1310 Drury St, Philadelphia, PA 19107","Irish Pub, Venues & Event Spaces"
131,11th & South,1451.635021902087,Khyber Pass Pub,$$,4.2,942,"56 S 2nd St, Philadelphia, PA 19106","Gastropubs, Pubs, American"
132,12th & Walnut,207.38274251745693,McGillin's Olde Ale House,$$,3.8,1165,"1310 Drury St, Philadelphia, PA 19107","Irish Pub, Venues & Event Spaces"
133,12th & Walnut,1782.09630388661,Yards Brewing Company,$$,4.4,1048,"500 Spring Garden St, Philadelphia, PA 19123","Breweries, Venues & Event Spaces, New American"
134,12th & Walnut,653.5271156252147,Monk's Cafe,$$,4.0,2432,"264 S 16th St, Philadelphia, PA 19102","Pubs, Belgian"
135,12th & Walnut,1414.243241574456,Khyber Pass Pub,$$,4.2,942,"56 S 2nd St, Philadelphia, PA 19106","Gastropubs, Pubs, American"
136,30th & Reed,1331.798516153591,Dock Street Brewery South,$$,3.7,134,"2118 Washington Ave, Philadelphia, PA 19146","Venues & Event Spaces, Brewpubs"
137,Foglietta Plaza,421.5841069256767,Khyber Pass Pub,$$,4.2,942,"56 S 2nd St, Philadelphia, PA 19106","Gastropubs, Pubs, American"
138,9th & Spring Garden,472.54865811073876,Yards Brewing Company,$$,4.4,1048,"500 Spring Garden St, Philadelphia, PA 19123","Breweries, Venues & Event Spaces, New American"
139,9th & Spring Garden,1328.583624842073,Bar Hygge,$$,4.4,525,"1720 Fairmount Ave, Philadelphia, PA 19130","Comfort Food, Breakfast & Brunch, Brewpubs"
140,9th & Spring Garden,1515.7096859695498,McGillin's Olde Ale House,$$,3.8,1165,"1310 Drury St, Philadelphia, PA 19107","Irish Pub, Venues & Event Spaces"
141,9th & Spring Garden,1584.124347745701,Khyber Pass Pub,$$,4.2,942,"56 S 2nd St, Philadelphia, PA 19106","Gastropubs, Pubs, American"
142,6th & Girard,1017.5830814502457,Yards Brewing Company,$$,4.4,1048,"500 Spring Garden St, Philadelphia, PA 19123","Breweries, Venues & Event Spaces, New American"
143,6th & Girard,1254.0101228009607,Evil Genius Beer,$$,4.1,317,"1727 N Front St, Philadelphia, PA 19122","Breweries, Beer Gardens"
144,12th & Passyunk,711.3960873237577,Second District Brewing,$$,4.1,126,"1939 S Bancroft St, Philadelphia, PA 19145","Breweries, Beer Bar, American"
145,12th & Passyunk,1721.3902873127129,Dock Street Brewery South,$$,3.7,134,"2118 Washington Ave, Philadelphia, PA 19146","Venues & Event Spaces, Brewpubs"
146,18th & Christian,624.6816610736189,Dock Street Brewery South,$$,3.7,134,"2118 Washington Ave, Philadelphia, PA 19146","Venues & Event Spaces, Brewpubs"
147,18th & Christian,842.1784532341493,Monk's Cafe,$$,4.0,2432,"264 S 16th St, Philadelphia, PA 19102","Pubs, Belgian"
148,18th & Christian,1338.4484037129484,McGillin's Olde Ale House,$$,3.8,1165,"1310 Drury St, Philadelphia, PA 19107","Irish Pub, Venues & Event Spaces"
149,Pencoyd Bridge,875.7527550558137,Manayunk Brewery,$$,3.4,811,"4120 Main St, Philadelphia, PA 19127","New American, Breweries, American"
150,"8th & Mifflin, Bok Building",1158.483442552893,Second District Brewing,$$,4.1,126,"1939 S Bancroft St, Philadelphia, PA 19145","Breweries, Beer Bar, American"
151,25th & Locust,1182.4750903482463,Dock Street Brewery South,$$,3.7,134,"2118 Washington Ave, Philadelphia, PA 19146","Venues & Event Spaces, Brewpubs"
152,25th & Locust,1104.676613554454,Monk's Cafe,$$,4.0,2432,"264 S 16th St, Philadelphia, PA 19102","Pubs, Belgian"
153,Broad & Girard,723.094659512621,Bar Hygge,$$,4.4,525,"1720 Fairmount Ave, Philadelphia, PA 19130","Comfort Food, Breakfast & Brunch, Brewpubs"
154,Broad & Girard,1618.8465829594188,Yards Brewing Company,$$,4.4,1048,"500 Spring Garden St, Philadelphia, PA 19123","Breweries, Venues & Event Spaces, New American"
155,2nd & Brown,554.3859210230819,Yards Brewing Company,$$,4.4,1048,"500 Spring Garden St, Philadelphia, PA 19123","Breweries, Venues & Event Spaces, New American"
156,2nd & Brown,1539.6909909988283,Evil Genius Beer,$$,4.1,317,"1727 N Front St, Philadelphia, PA 19122","Breweries, Beer Gardens"
157,2nd & Brown,1497.036583707947,Kraftwork,$$,4.1,590,"541 E Girard Ave, Philadelphia, PA 19125","Gastropubs, New American, Breakfast & Brunch"
158,4th & Wood,481.753483920086,Yards Brewing Company,$$,4.4,1048,"500 Spring Garden St, Philadelphia, PA 19123","Breweries, Venues & Event Spaces, New American"
159,4th & Wood,908.5670226974797,Khyber Pass Pub,$$,4.2,942,"56 S 2nd St, Philadelphia, PA 19106","Gastropubs, Pubs, American"
160,4th & Wood,1607.04391629999,McGillin's Olde Ale House,$$,3.8,1165,"1310 Drury St, Philadelphia, PA 19107","Irish Pub, Venues & Event Spaces"
161,4th & Christian,1392.7824676133805,Khyber Pass Pub,$$,4.2,942,"56 S 2nd St, Philadelphia, PA 19106","Gastropubs, Pubs, American"
162,4th & Christian,1801.8005031389914,McGillin's Olde Ale House,$$,3.8,1165,"1310 Drury St, Philadelphia, PA 19107","Irish Pub, Venues & Event Spaces"
163,Broad & Passyunk ,353.27242387925895,Second District Brewing,$$,4.1,126,"1939 S Bancroft St, Philadelphia, PA 19145","Breweries, Beer Bar, American"
164,5th & Willow,174.20928920679324,Yards Brewing Company,$$,4.4,1048,"500 Spring Garden St, Philadelphia, PA 19123","Breweries, Venues & Event Spaces, New American"
165,5th & Willow,1233.7876423226978,Khyber Pass Pub,$$,4.2,942,"56 S 2nd St, Philadelphia, PA 19106","Gastropubs, Pubs, American"
166,5th & Willow,1648.0976267675057,McGillin's Olde Ale House,$$,3.8,1165,"1310 Drury St, Philadelphia, PA 19107","Irish Pub, Venues & Event Spaces"
167,11th & Wood,889.1887390188066,Yards Brewing Company,$$,4.4,1048,"500 Spring Garden St, Philadelphia, PA 19123","Breweries, Venues & Event Spaces, New American"
168,11th & Wood,1280.4189016757093,Bar Hygge,$$,4.4,525,"1720 Fairmount Ave, Philadelphia, PA 19130","Comfort Food, Breakfast & Brunch, Brewpubs"
169,11th & Wood,1527.7289603815416,Monk's Cafe,$$,4.0,2432,"264 S 16th St, Philadelphia, PA 19102","Pubs, Belgian"
170,11th & Wood,1014.5846408596835,McGillin's Olde Ale House,$$,3.8,1165,"1310 Drury St, Philadelphia, PA 19107","Irish Pub, Venues & Event Spaces"
171,11th & Wood,1499.7107509338662,Khyber Pass Pub,$$,4.2,942,"56 S 2nd St, Philadelphia, PA 19106","Gastropubs, Pubs, American"
172,12th & Filbert,1430.1049533583152,Yards Brewing Company,$$,4.4,1048,"500 Spring Garden St, Philadelphia, PA 19123","Breweries, Venues & Event Spaces, New American"
173,12th & Filbert,365.0509450869507,McGillin's Olde Ale House,$$,3.8,1165,"1310 Drury St, Philadelphia, PA 19107","Irish Pub, Venues & Event Spaces"
174,12th & Filbert,915.0442661327613,Monk's Cafe,$$,4.0,2432,"264 S 16th St, Philadelphia, PA 19102","Pubs, Belgian"
175,12th & Filbert,1402.3776884276608,Khyber Pass Pub,$$,4.2,942,"56 S 2nd St, Philadelphia, PA 19106","Gastropubs, Pubs, American"
176,23rd & Fairmount,763.1805722503289,Bar Hygge,$$,4.4,525,"1720 Fairmount Ave, Philadelphia, PA 19130","Comfort Food, Breakfast & Brunch, Brewpubs"
177,Philadelphia Museum of Art,1210.310977086262,Bar Hygge,$$,4.4,525,"1720 Fairmount Ave, Philadelphia, PA 19130","Comfort Food, Breakfast & Brunch, Brewpubs"
178,16th & Arch,1322.732754214805,Bar Hygge,$$,4.4,525,"1720 Fairmount Ave, Philadelphia, PA 19130","Comfort Food, Breakfast & Brunch, Brewpubs"
179,16th & Arch,632.098434596951,McGillin's Olde Ale House,$$,3.8,1165,"1310 Drury St, Philadelphia, PA 19107","Irish Pub, Venues & Event Spaces"
180,16th & Arch,855.876314739997,Monk's Cafe,$$,4.0,2432,"264 S 16th St, Philadelphia, PA 19102","Pubs, Belgian"
181,"18th & Washington, Chew Playground",521.324363393017,Dock Street Brewery South,$$,3.7,134,"2118 Washington Ave, Philadelphia, PA 19146","Venues & Event Spaces, Brewpubs"
182,"18th & Washington, Chew Playground",1358.7479042734315,Second District Brewing,$$,4.1,126,"1939 S Bancroft St, Philadelphia, PA 19145","Breweries, Beer Bar, American"
183,"18th & Washington, Chew Playground",1118.0718999033472,Monk's Cafe,$$,4.0,2432,"264 S 16th St, Philadelphia, PA 19102","Pubs, Belgian"
184,"18th & Washington, Chew Playground",1601.4525461600385,McGillin's Olde Ale House,$$,3.8,1165,"1310 Drury St, Philadelphia, PA 19107","Irish Pub, Venues & Event Spaces"
185,7th & Passyunk,1678.703448823551,Monk's Cafe,$$,4.0,2432,"264 S 16th St, Philadelphia, PA 19102","Pubs, Belgian"
186,7th & Passyunk,1656.566681753764,Khyber Pass Pub,$$,4.2,942,"56 S 2nd St, Philadelphia, PA 19106","Gastropubs, Pubs, American"
187,Race Street Pier,1025.3047381581403,Yards Brewing Company,$$,4.4,1048,"500 Spring Garden St, Philadelphia, PA 19123","Breweries, Venues & Event Spaces, New American"
188,Race Street Pier,686.0374920351088,Khyber Pass Pub,$$,4.2,942,"56 S 2nd St, Philadelphia, PA 19106","Gastropubs, Pubs, American"
189,7th & Dickinson,1495.0878054182826,Second District Brewing,$$,4.1,126,"1939 S Bancroft St, Philadelphia, PA 19145","Breweries, Beer Bar, American"
190,8th & Market,1275.2511588561874,Yards Brewing Company,$$,4.4,1048,"500 Spring Garden St, Philadelphia, PA 19123","Breweries, Venues & Event Spaces, New American"
191,8th & Market,691.7717669363665,McGillin's Olde Ale House,$$,3.8,1165,"1310 Drury St, Philadelphia, PA 19107","Irish Pub, Venues & Event Spaces"
192,8th & Market,1229.525230610973,Monk's Cafe,$$,4.0,2432,"264 S 16th St, Philadelphia, PA 19102","Pubs, Belgian"
193,8th & Market,923.7664382475882,Khyber Pass Pub,$$,4.2,942,"56 S 2nd St, Philadelphia, PA 19106","Gastropubs, Pubs, American"
194,7th & South,1356.763803657787,Monk's Cafe,$$,4.0,2432,"264 S 16th St, Philadelphia, PA 19102","Pubs, Belgian"
195,7th & South,1088.1330322839588,Khyber Pass Pub,$$,4.2,942,"56 S 2nd St, Philadelphia, PA 19106","Gastropubs, Pubs, American"
196,7th & South,1146.5697059145034,McGillin's Olde Ale House,$$,3.8,1165,"1310 Drury St, Philadelphia, PA 19107","Irish Pub, Venues & Event Spaces"
197,"Ridge & Pensdale, Kendrick Recreation Center",921.2516148095156,Manayunk Brewery,$$,3.4,811,"4120 Main St, Philadelphia, PA 19127","New American, Breweries, American"
198,20th & Fairmount,331.1837345181848,Bar Hygge,$$,4.4,525,"1720 Fairmount Ave, Philadelphia, PA 19130","Comfort Food, Breakfast & Brunch, Brewpubs"
199,24th & Pennsylvania ,995.6869661391994,Bar Hygge,$$,4.4,525,"1720 Fairmount Ave, Philadelphia, PA 19130","Comfort Food, Breakfast & Brunch, Brewpubs"
200,30th Street Station East,1856.9270859621085,Bar Hygge,$$,4.4,525,"1720 Fairmount Ave, Philadelphia, PA 19130","Comfort Food, Breakfast & Brunch, Brewpubs"
201,30th Street Station East,1338.4584619774625,Monk's Cafe,$$,4.0,2432,"264 S 16th St, Philadelphia, PA 19102","Pubs, Belgian"
202,Schuylkill Banks Pergola,1382.830590272267,Bar Hygge,$$,4.4,525,"1720 Fairmount Ave, Philadelphia, PA 19130","Comfort Food, Breakfast & Brunch, Brewpubs"
203,18th & Walnut,383.5462740737016,Monk's Cafe,$$,4.0,2432,"264 S 16th St, Philadelphia, PA 19102","Pubs, Belgian"
204,18th & Walnut,737.6094266429538,McGillin's Olde Ale House,$$,3.8,1165,"1310 Drury St, Philadelphia, PA 19107","Irish Pub, Venues & Event Spaces"
205,18th & Walnut,1412.4143639291028,Dock Street Brewery South,$$,3.7,134,"2118 Washington Ave, Philadelphia, PA 19146","Venues & Event Spaces, Brewpubs"
206,Del. River Trail & Penn St.,898.9144341847752,Yards Brewing Company,$$,4.4,1048,"500 Spring Garden St, Philadelphia, PA 19123","Breweries, Venues & Event Spaces, New American"
207,Del. River Trail & Penn St.,1602.4767842109245,Khyber Pass Pub,$$,4.2,942,"56 S 2nd St, Philadelphia, PA 19106","Gastropubs, Pubs, American"
208,Del. River Trail & Penn St.,1332.795333477859,Kraftwork,$$,4.1,590,"541 E Girard Ave, Philadelphia, PA 19125","Gastropubs, New American, Breakfast & Brunch"
209,20th & Cuthbert,1484.7816682702448,Bar Hygge,$$,4.4,525,"1720 Fairmount Ave, Philadelphia, PA 19130","Comfort Food, Breakfast & Brunch, Brewpubs"
210,20th & Cuthbert,889.9166417995269,Monk's Cafe,$$,4.0,2432,"264 S 16th St, Philadelphia, PA 19102","Pubs, Belgian"
211,20th & Cuthbert,1021.0754858245348,McGillin's Olde Ale House,$$,3.8,1165,"1310 Drury St, Philadelphia, PA 19107","Irish Pub, Venues & Event Spaces"
212,17th & JFK,1461.1784193313397,Bar Hygge,$$,4.4,525,"1720 Fairmount Ave, Philadelphia, PA 19130","Comfort Food, Breakfast & Brunch, Brewpubs"
213,17th & JFK,613.247331421932,McGillin's Olde Ale House,$$,3.8,1165,"1310 Drury St, Philadelphia, PA 19107","Irish Pub, Venues & Event Spaces"
214,17th & JFK,707.0492856357188,Monk's Cafe,$$,4.0,2432,"264 S 16th St, Philadelphia, PA 19102","Pubs, Belgian"
215,3rd & Girard,1078.0314123353326,Yards Brewing Company,$$,4.4,1048,"500 Spring Garden St, Philadelphia, PA 19123","Breweries, Venues & Event Spaces, New American"
216,3rd & Girard,941.4578544607623,Evil Genius Beer,$$,4.1,317,"1727 N Front St, Philadelphia, PA 19122","Breweries, Beer Gardens"
217,3rd & Girard,1246.1915996055686,Kraftwork,$$,4.1,590,"541 E Girard Ave, Philadelphia, PA 19125","Gastropubs, New American, Breakfast & Brunch"
218,"Spring Garden Station, MFL",575.735221074983,Yards Brewing Company,$$,4.4,1048,"500 Spring Garden St, Philadelphia, PA 19123","Breweries, Venues & Event Spaces, New American"
219,"Spring Garden Station, MFL",1347.3048297845596,Khyber Pass Pub,$$,4.2,942,"56 S 2nd St, Philadelphia, PA 19106","Gastropubs, Pubs, American"
220,"Spring Garden Station, MFL",1655.148135185094,Kraftwork,$$,4.1,590,"541 E Girard Ave, Philadelphia, PA 19125","Gastropubs, New American, Breakfast & Brunch"
221,17th & Green,307.4904712120766,Bar Hygge,$$,4.4,525,"1720 Fairmount Ave, Philadelphia, PA 19130","Comfort Food, Breakfast & Brunch, Brewpubs"
222,"21st & Winter, Franklin Institute",1122.7169333923734,Bar Hygge,$$,4.4,525,"1720 Fairmount Ave, Philadelphia, PA 19130","Comfort Food, Breakfast & Brunch, Brewpubs"
223,"21st & Winter, Franklin Institute",1323.5365839151707,Monk's Cafe,$$,4.0,2432,"264 S 16th St, Philadelphia, PA 19102","Pubs, Belgian"
224,"21st & Winter, Franklin Institute",1344.4231461095535,McGillin's Olde Ale House,$$,3.8,1165,"1310 Drury St, Philadelphia, PA 19107","Irish Pub, Venues & Event Spaces"
225,4th & Bainbridge,1003.0847701465585,Khyber Pass Pub,$$,4.2,942,"56 S 2nd St, Philadelphia, PA 19106","Gastropubs, Pubs, American"
226,4th & Bainbridge,1544.0215379472854,McGillin's Olde Ale House,$$,3.8,1165,"1310 Drury St, Philadelphia, PA 19107","Irish Pub, Venues & Event Spaces"
227,Fitzwater & Juniper,1248.346624790171,Dock Street Brewery South,$$,3.7,134,"2118 Washington Ave, Philadelphia, PA 19146","Venues & Event Spaces, Brewpubs"
228,Fitzwater & Juniper,726.1460480777317,Monk's Cafe,$$,4.0,2432,"264 S 16th St, Philadelphia, PA 19102","Pubs, Belgian"
229,Fitzwater & Juniper,976.7599162331362,McGillin's Olde Ale House,$$,3.8,1165,"1310 Drury St, Philadelphia, PA 19107","Irish Pub, Venues & Event Spaces"
230,25th & Wharton,659.957913169619,Dock Street Brewery South,$$,3.7,134,"2118 Washington Ave, Philadelphia, PA 19146","Venues & Event Spaces, Brewpubs"
231,25th & Wharton,1603.1580170023897,Second District Brewing,$$,4.1,126,"1939 S Bancroft St, Philadelphia, PA 19145","Breweries, Beer Bar, American"
232,20th & Sansom,629.2437054584304,Monk's Cafe,$$,4.0,2432,"264 S 16th St, Philadelphia, PA 19102","Pubs, Belgian"
233,20th & Sansom,1426.8806946774982,Dock Street Brewery South,$$,3.7,134,"2118 Washington Ave, Philadelphia, PA 19146","Venues & Event Spaces, Brewpubs"
234,20th & Sansom,973.5158946299429,McGillin's Olde Ale House,$$,3.8,1165,"1310 Drury St, Philadelphia, PA 19107","Irish Pub, Venues & Event Spaces"
235,"7th & Race, Franklin Square",753.5855466762752,Yards Brewing Company,$$,4.4,1048,"500 Spring Garden St, Philadelphia, PA 19123","Breweries, Venues & Event Spaces, New American"
236,"7th & Race, Franklin Square",1842.4349732124938,Bar Hygge,$$,4.4,525,"1720 Fairmount Ave, Philadelphia, PA 19130","Comfort Food, Breakfast & Brunch, Brewpubs"
237,"7th & Race, Franklin Square",1104.4373126957578,McGillin's Olde Ale House,$$,3.8,1165,"1310 Drury St, Philadelphia, PA 19107","Irish Pub, Venues & Event Spaces"
238,"7th & Race, Franklin Square",1665.7750513126314,Monk's Cafe,$$,4.0,2432,"264 S 16th St, Philadelphia, PA 19102","Pubs, Belgian"
239,"7th & Race, Franklin Square",934.8029094334005,Khyber Pass Pub,$$,4.2,942,"56 S 2nd St, Philadelphia, PA 19106","Gastropubs, Pubs, American"
240,23rd & South,677.7279400851372,Dock Street Brewery South,$$,3.7,134,"2118 Washington Ave, Philadelphia, PA 19146","Venues & Event Spaces, Brewpubs"
241,23rd & South,1010.6060396832523,Monk's Cafe,$$,4.0,2432,"264 S 16th St, Philadelphia, PA 19102","Pubs, Belgian"
242,23rd & South,1559.8549973114702,McGillin's Olde Ale House,$$,3.8,1165,"1310 Drury St, Philadelphia, PA 19107","Irish Pub, Venues & Event Spaces"
243,Amtrak 30th Street Station,2007.0725973929132,Bar Hygge,$$,4.4,525,"1720 Fairmount Ave, Philadelphia, PA 19130","Comfort Food, Breakfast & Brunch, Brewpubs"
244,Amtrak 30th Street Station,1493.8606940583932,Monk's Cafe,$$,4.0,2432,"264 S 16th St, Philadelphia, PA 19102","Pubs, Belgian"
245,Broad & Ritner,639.9534446711705,Second District Brewing,$$,4.1,126,"1939 S Bancroft St, Philadelphia, PA 19145","Breweries, Beer Bar, American"
246,Broad & Chestnut,169.63356685868322,McGillin's Olde Ale House,$$,3.8,1165,"1310 Drury St, Philadelphia, PA 19107","Irish Pub, Venues & Event Spaces"
247,Broad & Chestnut,491.3564735116201,Monk's Cafe,$$,4.0,2432,"264 S 16th St, Philadelphia, PA 19102","Pubs, Belgian"
248,Broad & Chestnut,1859.9274888981056,Yards Brewing Company,$$,4.4,1048,"500 Spring Garden St, Philadelphia, PA 19123","Breweries, Venues & Event Spaces, New American"
249,Broad & Chestnut,1824.6743363081032,Dock Street Brewery South,$$,3.7,134,"2118 Washington Ave, Philadelphia, PA 19146","Venues & Event Spaces, Brewpubs"
250,6th & Brown,353.20387453104365,Yards Brewing Company,$$,4.4,1048,"500 Spring Garden St, Philadelphia, PA 19123","Breweries, Venues & Event Spaces, New American"
251,6th & Brown,1750.855003651752,Evil Genius Beer,$$,4.1,317,"1727 N Front St, Philadelphia, PA 19122","Breweries, Beer Gardens"
252,Broad & Snyder,384.7236171568441,Second District Brewing,$$,4.1,126,"1939 S Bancroft St, Philadelphia, PA 19145","Breweries, Beer Bar, American"
253,6th & Master,1359.2795352860444,Yards Brewing Company,$$,4.4,1048,"500 Spring Garden St, Philadelphia, PA 19123","Breweries, Venues & Event Spaces, New American"
254,6th & Master,1077.813846044693,Evil Genius Beer,$$,4.1,317,"1727 N Front St, Philadelphia, PA 19122","Breweries, Beer Gardens"
255,"4th & Walnut, NPS",420.3762875742105,Khyber Pass Pub,$$,4.2,942,"56 S 2nd St, Philadelphia, PA 19106","Gastropubs, Pubs, American"
256,"4th & Walnut, NPS",1215.620204190979,McGillin's Olde Ale House,$$,3.8,1165,"1310 Drury St, Philadelphia, PA 19107","Irish Pub, Venues & Event Spaces"
257,"Welcome Park, NPS",146.95169553388226,Khyber Pass Pub,$$,4.2,942,"56 S 2nd St, Philadelphia, PA 19106","Gastropubs, Pubs, American"
258,11th & Reed,1191.3238402592551,Second District Brewing,$$,4.1,126,"1939 S Bancroft St, Philadelphia, PA 19145","Breweries, Beer Bar, American"
259,11th & Reed,1583.1382293092433,Dock Street Brewery South,$$,3.7,134,"2118 Washington Ave, Philadelphia, PA 19146","Venues & Event Spaces, Brewpubs"
260,Girard & Hutchinson,1156.6722722580544,Yards Brewing Company,$$,4.4,1048,"500 Spring Garden St, Philadelphia, PA 19123","Breweries, Venues & Event Spaces, New American"
261,Girard & Hutchinson,1291.0584797358829,Bar Hygge,$$,4.4,525,"1720 Fairmount Ave, Philadelphia, PA 19130","Comfort Food, Breakfast & Brunch, Brewpubs"
262,Barnes Foundation,930.7596918110376,Bar Hygge,$$,4.4,525,"1720 Fairmount Ave, Philadelphia, PA 19130","Comfort Food, Breakfast & Brunch, Brewpubs"
263,Barnes Foundation,1409.8491571306574,Monk's Cafe,$$,4.0,2432,"264 S 16th St, Philadelphia, PA 19102","Pubs, Belgian"
264,Barnes Foundation,1351.4471159576992,McGillin's Olde Ale House,$$,3.8,1165,"1310 Drury St, Philadelphia, PA 19107","Irish Pub, Venues & Event Spaces"
265,2nd & Norris,644.0719974593651,Evil Genius Beer,$$,4.1,317,"1727 N Front St, Philadelphia, PA 19122","Breweries, Beer Gardens"
266,2nd & Norris,1349.8261956312303,Kraftwork,$$,4.1,590,"541 E Girard Ave, Philadelphia, PA 19125","Gastropubs, New American, Breakfast & Brunch"
267,Broad & Oxford,1262.9886875804248,Bar Hygge,$$,4.4,525,"1720 Fairmount Ave, Philadelphia, PA 19130","Comfort Food, Breakfast & Brunch, Brewpubs"
268,23rd & Chestnut,1507.3842980305112,Dock Street Brewery South,$$,3.7,134,"2118 Washington Ave, Philadelphia, PA 19146","Venues & Event Spaces, Brewpubs"
269,23rd & Chestnut,981.8120896632885,Monk's Cafe,$$,4.0,2432,"264 S 16th St, Philadelphia, PA 19102","Pubs, Belgian"
270,23rd & Chestnut,1322.1777662553427,McGillin's Olde Ale House,$$,3.8,1165,"1310 Drury St, Philadelphia, PA 19107","Irish Pub, Venues & Event Spaces"
271,6th & Chestnut,1393.6658952854411,Yards Brewing Company,$$,4.4,1048,"500 Spring Garden St, Philadelphia, PA 19123","Breweries, Venues & Event Spaces, New American"
272,6th & Chestnut,575.2619754105964,Khyber Pass Pub,$$,4.2,942,"56 S 2nd St, Philadelphia, PA 19106","Gastropubs, Pubs, American"
273,6th & Chestnut,1481.5018297960844,Monk's Cafe,$$,4.0,2432,"264 S 16th St, Philadelphia, PA 19102","Pubs, Belgian"
274,6th & Chestnut,1004.5880487982752,McGillin's Olde Ale House,$$,3.8,1165,"1310 Drury St, Philadelphia, PA 19107","Irish Pub, Venues & Event Spaces"
275,13th & Montgomery,1711.3519493081867,Bar Hygge,$$,4.4,525,"1720 Fairmount Ave, Philadelphia, PA 19130","Comfort Food, Breakfast & Brunch, Brewpubs"
276,8th & Brown,690.15219713586,Yards Brewing Company,$$,4.4,1048,"500 Spring Garden St, Philadelphia, PA 19123","Breweries, Venues & Event Spaces, New American"
277,8th & Brown,1294.4068306281954,Bar Hygge,$$,4.4,525,"1720 Fairmount Ave, Philadelphia, PA 19130","Comfort Food, Breakfast & Brunch, Brewpubs"
278,8th & Brown,1791.7538829698483,Evil Genius Beer,$$,4.1,317,"1727 N Front St, Philadelphia, PA 19122","Breweries, Beer Gardens"
279,21st & Washington,91.30729257760034,Dock Street Brewery South,$$,3.7,134,"2118 Washington Ave, Philadelphia, PA 19146","Venues & Event Spaces, Brewpubs"
280,21st & Washington,1497.8085047127745,Second District Brewing,$$,4.1,126,"1939 S Bancroft St, Philadelphia, PA 19145","Breweries, Beer Bar, American"
281,21st & Washington,1281.8621136395475,Monk's Cafe,$$,4.0,2432,"264 S 16th St, Philadelphia, PA 19102","Pubs, Belgian"
282,21st & Washington,1823.8133994840853,McGillin's Olde Ale House,$$,3.8,1165,"1310 Drury St, Philadelphia, PA 19107","Irish Pub, Venues & Event Spaces"
283,22nd & Cecil B. Moore,1492.1164033767404,Bar Hygge,$$,4.4,525,"1720 Fairmount Ave, Philadelphia, PA 19130","Comfort Food, Breakfast & Brunch, Brewpubs"
284,"Girard Station, MFL",1284.902764236457,Yards Brewing Company,$$,4.4,1048,"500 Spring Garden St, Philadelphia, PA 19123","Breweries, Venues & Event Spaces, New American"
285,"Girard Station, MFL",821.8535721314737,Evil Genius Beer,$$,4.1,317,"1727 N Front St, Philadelphia, PA 19122","Breweries, Beer Gardens"
286,"Girard Station, MFL",769.3433513024324,Kraftwork,$$,4.1,590,"541 E Girard Ave, Philadelphia, PA 19125","Gastropubs, New American, Breakfast & Brunch"
287,"Independence Mall, NPS",1159.4535980072246,Yards Brewing Company,$$,4.4,1048,"500 Spring Garden St, Philadelphia, PA 19123","Breweries, Venues & Event Spaces, New American"
288,"Independence Mall, NPS",503.6613623457476,Khyber Pass Pub,$$,4.2,942,"56 S 2nd St, Philadelphia, PA 19106","Gastropubs, Pubs, American"
289,"Independence Mall, NPS",1121.0559718186255,McGillin's Olde Ale House,$$,3.8,1165,"1310 Drury St, Philadelphia, PA 19107","Irish Pub, Venues & Event Spaces"
290,9th & Lombard,1079.9985700219077,Monk's Cafe,$$,4.0,2432,"264 S 16th St, Philadelphia, PA 19102","Pubs, Belgian"
291,9th & Lombard,908.3645990133753,McGillin's Olde Ale House,$$,3.8,1165,"1310 Drury St, Philadelphia, PA 19107","Irish Pub, Venues & Event Spaces"
292,9th & Lombard,1237.917268578546,Khyber Pass Pub,$$,4.2,942,"56 S 2nd St, Philadelphia, PA 19106","Gastropubs, Pubs, American"
293,Cedar & Norris,548.310530357,Evil Genius Beer,$$,4.1,317,"1727 N Front St, Philadelphia, PA 19122","Breweries, Beer Gardens"
294,Cedar & Norris,588.252137015162,Kraftwork,$$,4.1,590,"541 E Girard Ave, Philadelphia, PA 19125","Gastropubs, New American, Breakfast & Brunch"
295,15th & Spruce,191.24929398002388,Monk's Cafe,$$,4.0,2432,"264 S 16th St, Philadelphia, PA 19102","Pubs, Belgian"
296,15th & Spruce,463.93475819531085,McGillin's Olde Ale House,$$,3.8,1165,"1310 Drury St, Philadelphia, PA 19107","Irish Pub, Venues & Event Spaces"
297,15th & Spruce,1423.9768017971685,Dock Street Brewery South,$$,3.7,134,"2118 Washington Ave, Philadelphia, PA 19146","Venues & Event Spaces, Brewpubs"
298,16th & Wolf,404.4689905393129,Second District Brewing,$$,4.1,126,"1939 S Bancroft St, Philadelphia, PA 19145","Breweries, Beer Bar, American"
299,23rd & Master,1219.7005802532442,Bar Hygge,$$,4.4,525,"1720 Fairmount Ave, Philadelphia, PA 19130","Comfort Food, Breakfast & Brunch, Brewpubs"
300,Broad & Master,1020.7594417732826,Bar Hygge,$$,4.4,525,"1720 Fairmount Ave, Philadelphia, PA 19130","Comfort Food, Breakfast & Brunch, Brewpubs"
301,Thompson & Franklin,1567.8749579210694,Bar Hygge,$$,4.4,525,"1720 Fairmount Ave, Philadelphia, PA 19130","Comfort Food, Breakfast & Brunch, Brewpubs"
302,Thompson & Franklin,1218.0000082314903,Yards Brewing Company,$$,4.4,1048,"500 Spring Garden St, Philadelphia, PA 19123","Breweries, Venues & Event Spaces, New American"
303,Thompson & Franklin,1339.135422633413,Evil Genius Beer,$$,4.1,317,"1727 N Front St, Philadelphia, PA 19122","Breweries, Beer Gardens"
304,6th & Berks,956.9446631616341,Evil Genius Beer,$$,4.1,317,"1727 N Front St, Philadelphia, PA 19122","Breweries, Beer Gardens"
305,6th & Berks,1685.8743085237465,Kraftwork,$$,4.1,590,"541 E Girard Ave, Philadelphia, PA 19125","Gastropubs, New American, Breakfast & Brunch"
306,20th & Race,1218.474101838732,Bar Hygge,$$,4.4,525,"1720 Fairmount Ave, Philadelphia, PA 19130","Comfort Food, Breakfast & Brunch, Brewpubs"
307,20th & Race,1116.0652114439054,Monk's Cafe,$$,4.0,2432,"264 S 16th St, Philadelphia, PA 19102","Pubs, Belgian"
308,20th & Race,1135.8010880535535,McGillin's Olde Ale House,$$,3.8,1165,"1310 Drury St, Philadelphia, PA 19107","Irish Pub, Venues & Event Spaces"
309,12th & Fairmount,811.3270409856517,Bar Hygge,$$,4.4,525,"1720 Fairmount Ave, Philadelphia, PA 19130","Comfort Food, Breakfast & Brunch, Brewpubs"
310,12th & Fairmount,992.3148468762254,Yards Brewing Company,$$,4.4,1048,"500 Spring Garden St, Philadelphia, PA 19123","Breweries, Venues & Event Spaces, New American"
311,"15th & Castle, DiSilvestro Playground",384.45059900854625,Second District Brewing,$$,4.1,126,"1939 S Bancroft St, Philadelphia, PA 19145","Breweries, Beer Bar, American"
312,"15th & Castle, DiSilvestro Playground",1386.8240340790792,Dock Street Brewery South,$$,3.7,134,"2118 Washington Ave, Philadelphia, PA 19146","Venues & Event Spaces, Brewpubs"
313,12th & Chestnut,199.22704932374253,McGillin's Olde Ale House,$$,3.8,1165,"1310 Drury St, Philadelphia, PA 19107","Irish Pub, Venues & Event Spaces"
314,12th & Chestnut,1646.2797608893732,Yards Brewing Company,$$,4.4,1048,"500 Spring Garden St, Philadelphia, PA 19123","Breweries, Venues & Event Spaces, New American"
315,12th & Chestnut,741.1212341243586,Monk's Cafe,$$,4.0,2432,"264 S 16th St, Philadelphia, PA 19102","Pubs, Belgian"
316,12th & Chestnut,1379.7016390264412,Khyber Pass Pub,$$,4.2,942,"56 S 2nd St, Philadelphia, PA 19106","Gastropubs, Pubs, American"
317,York & Gaul,835.3938736899704,Evil Genius Beer,$$,4.1,317,"1727 N Front St, Philadelphia, PA 19122","Breweries, Beer Gardens"
318,York & Gaul,719.9197436448356,Kraftwork,$$,4.1,590,"541 E Girard Ave, Philadelphia, PA 19125","Gastropubs, New American, Breakfast & Brunch"
319,27th & Pennsylvania,1343.8534725416364,Bar Hygge,$$,4.4,525,"1720 Fairmount Ave, Philadelphia, PA 19130","Comfort Food, Breakfast & Brunch, Brewpubs"
320,Point Breeze & Tasker,991.6185531536389,Second District Brewing,$$,4.1,126,"1939 S Bancroft St, Philadelphia, PA 19145","Breweries, Beer Bar, American"
321,Point Breeze & Tasker,787.7885514237526,Dock Street Brewery South,$$,3.7,134,"2118 Washington Ave, Philadelphia, PA 19146","Venues & Event Spaces, Brewpubs"
322,10th & Oregon,1376.4707309207333,Second District Brewing,$$,4.1,126,"1939 S Bancroft St, Philadelphia, PA 19145","Breweries, Beer Bar, American"
323,15th & South,429.0390918776154,Monk's Cafe,$$,4.0,2432,"264 S 16th St, Philadelphia, PA 19102","Pubs, Belgian"
324,15th & South,1146.2776045245337,Dock Street Brewery South,$$,3.7,134,"2118 Washington Ave, Philadelphia, PA 19146","Venues & Event Spaces, Brewpubs"
325,15th & South,813.3873314408457,McGillin's Olde Ale House,$$,3.8,1165,"1310 Drury St, Philadelphia, PA 19107","Irish Pub, Venues & Event Spaces"
326,Broad & Reed,868.4681213275829,Second District Brewing,$$,4.1,126,"1939 S Bancroft St, Philadelphia, PA 19145","Breweries, Beer Bar, American"
327,Broad & Reed,1165.6960975506308,Dock Street Brewery South,$$,3.7,134,"2118 Washington Ave, Philadelphia, PA 19146","Venues & Event Spaces, Brewpubs"
328,Broad & Oregon,1018.3657524797117,Second District Brewing,$$,4.1,126,"1939 S Bancroft St, Philadelphia, PA 19145","Breweries, Beer Bar, American"
329,Penn Treaty Park,1604.5302478830977,Yards Brewing Company,$$,4.4,1048,"500 Spring Garden St, Philadelphia, PA 19123","Breweries, Venues & Event Spaces, New American"
330,Penn Treaty Park,1072.8259076864747,Evil Genius Beer,$$,4.1,317,"1727 N Front St, Philadelphia, PA 19122","Breweries, Beer Gardens"
331,Penn Treaty Park,568.0212649826468,Kraftwork,$$,4.1,590,"541 E Girard Ave, Philadelphia, PA 19125","Gastropubs, New American, Breakfast & Brunch"
332,24th & Sansom,1421.8700785343124,Dock Street Brewery South,$$,3.7,134,"2118 Washington Ave, Philadelphia, PA 19146","Venues & Event Spaces, Brewpubs"
333,24th & Sansom,1061.8758938435224,Monk's Cafe,$$,4.0,2432,"264 S 16th St, Philadelphia, PA 19102","Pubs, Belgian"
334,24th & Sansom,1446.6030502109406,McGillin's Olde Ale House,$$,3.8,1165,"1310 Drury St, Philadelphia, PA 19107","Irish Pub, Venues & Event Spaces"
335,4th & Arch,955.7583287619916,Yards Brewing Company,$$,4.4,1048,"500 Spring Garden St, Philadelphia, PA 19123","Breweries, Venues & Event Spaces, New American"
336,4th & Arch,490.34715055305713,Khyber Pass Pub,$$,4.2,942,"56 S 2nd St, Philadelphia, PA 19106","Gastropubs, Pubs, American"
337,4th & Arch,1327.6382230400334,McGillin's Olde Ale House,$$,3.8,1165,"1310 Drury St, Philadelphia, PA 19107","Irish Pub, Venues & Event Spaces"
338,Manayunk Bridge,973.0474457148972,Manayunk Brewery,$$,3.4,811,"4120 Main St, Philadelphia, PA 19127","New American, Breweries, American"
339,Fairmount & Ridge,415.4197978180433,Bar Hygge,$$,4.4,525,"1720 Fairmount Ave, Philadelphia, PA 19130","Comfort Food, Breakfast & Brunch, Brewpubs"
340,Fairmount & Ridge,1403.827186185395,Yards Brewing Company,$$,4.4,1048,"500 Spring Garden St, Philadelphia, PA 19123","Breweries, Venues & Event Spaces, New American"
341,"Spring Garden Station, BSL",668.4579693158859,Bar Hygge,$$,4.4,525,"1720 Fairmount Ave, Philadelphia, PA 19130","Comfort Food, Breakfast & Brunch, Brewpubs"
342,"Spring Garden Station, BSL",1229.8312410880653,Yards Brewing Company,$$,4.4,1048,"500 Spring Garden St, Philadelphia, PA 19123","Breweries, Venues & Event Spaces, New American"
343,"Spring Garden Station, BSL",1359.884973964871,McGillin's Olde Ale House,$$,3.8,1165,"1310 Drury St, Philadelphia, PA 19107","Irish Pub, Venues & Event Spaces"
344,8th & Spruce,1147.4042136180929,Monk's Cafe,$$,4.0,2432,"264 S 16th St, Philadelphia, PA 19102","Pubs, Belgian"
345,8th & Spruce,816.920885711485,McGillin's Olde Ale House,$$,3.8,1165,"1310 Drury St, Philadelphia, PA 19107","Irish Pub, Venues & Event Spaces"
346,8th & Spruce,981.0556837284146,Khyber Pass Pub,$$,4.2,942,"56 S 2nd St, Philadelphia, PA 19106","Gastropubs, Pubs, American"
347,American & Berks,533.9671277350147,Evil Genius Beer,$$,4.1,317,"1727 N Front St, Philadelphia, PA 19122","Breweries, Beer Gardens"
348,American & Berks,1268.5121241774661,Kraftwork,$$,4.1,590,"541 E Girard Ave, Philadelphia, PA 19125","Gastropubs, New American, Breakfast & Brunch"
349,5th & Spring Garden,83.60145823938386,Yards Brewing Company,$$,4.4,1048,"500 Spring Garden St, Philadelphia, PA 19123","Breweries, Venues & Event Spaces, New American"
350,5th & Spring Garden,1466.7392492207643,Khyber Pass Pub,$$,4.2,942,"56 S 2nd St, Philadelphia, PA 19106","Gastropubs, Pubs, American"
351,5th & Spring Garden,1861.228415546563,McGillin's Olde Ale House,$$,3.8,1165,"1310 Drury St, Philadelphia, PA 19107","Irish Pub, Venues & Event Spaces"
352,17th & Sansom,361.5805809541567,Monk's Cafe,$$,4.0,2432,"264 S 16th St, Philadelphia, PA 19102","Pubs, Belgian"
353,17th & Sansom,593.3216895203855,McGillin's Olde Ale House,$$,3.8,1165,"1310 Drury St, Philadelphia, PA 19107","Irish Pub, Venues & Event Spaces"
354,17th & Sansom,1537.8434518077916,Dock Street Brewery South,$$,3.7,134,"2118 Washington Ave, Philadelphia, PA 19146","Venues & Event Spaces, Brewpubs"
355,10th & Nevada,1750.1553862864052,Evil Genius Beer,$$,4.1,317,"1727 N Front St, Philadelphia, PA 19122","Breweries, Beer Gardens"
356,24th & Christian,476.0801685876417,Dock Street Brewery South,$$,3.7,134,"2118 Washington Ave, Philadelphia, PA 19146","Venues & Event Spaces, Brewpubs"
357,24th & Christian,1425.7213845340223,Monk's Cafe,$$,4.0,2432,"264 S 16th St, Philadelphia, PA 19102","Pubs, Belgian"
358,Walnut & Rittenhouse,506.33504675844756,Monk's Cafe,$$,4.0,2432,"264 S 16th St, Philadelphia, PA 19102","Pubs, Belgian"
359,Walnut & Rittenhouse,1352.8665351981745,Dock Street Brewery South,$$,3.7,134,"2118 Washington Ave, Philadelphia, PA 19146","Venues & Event Spaces, Brewpubs"
360,Walnut & Rittenhouse,893.6972748578014,McGillin's Olde Ale House,$$,3.8,1165,"1310 Drury St, Philadelphia, PA 19107","Irish Pub, Venues & Event Spaces"
361,"19th & Girard, PTTI",624.351946503178,Bar Hygge,$$,4.4,525,"1720 Fairmount Ave, Philadelphia, PA 19130","Comfort Food, Breakfast & Brunch, Brewpubs"
362,City Hall South,208.0925520237738,McGillin's Olde Ale House,$$,3.8,1165,"1310 Drury St, Philadelphia, PA 19107","Irish Pub, Venues & Event Spaces"
363,City Hall South,1773.4879550227581,Yards Brewing Company,$$,4.4,1048,"500 Spring Garden St, Philadelphia, PA 19123","Breweries, Venues & Event Spaces, New American"
364,City Hall South,588.5955873302871,Monk's Cafe,$$,4.0,2432,"264 S 16th St, Philadelphia, PA 19102","Pubs, Belgian"
365,City Hall South,1920.0280360546537,Dock Street Brewery South,$$,3.7,134,"2118 Washington Ave, Philadelphia, PA 19146","Venues & Event Spaces, Brewpubs"
366,Cresson & Levering,658.147136572285,Manayunk Brewery,$$,3.4,811,"4120 Main St, Philadelphia, PA 19127","New American, Breweries, American"
367,10th & Chestnut,1474.4541263595363,Yards Brewing Company,$$,4.4,1048,"500 Spring Garden St, Philadelphia, PA 19123","Breweries, Venues & Event Spaces, New American"
368,10th & Chestnut,502.3501985503424,McGillin's Olde Ale House,$$,3.8,1165,"1310 Drury St, Philadelphia, PA 19107","Irish Pub, Venues & Event Spaces"
369,10th & Chestnut,1020.0170861340846,Monk's Cafe,$$,4.0,2432,"264 S 16th St, Philadelphia, PA 19102","Pubs, Belgian"
370,10th & Chestnut,1076.459861845219,Khyber Pass Pub,$$,4.2,942,"56 S 2nd St, Philadelphia, PA 19106","Gastropubs, Pubs, American"
371,11th & Washington,1593.8240608162928,Second District Brewing,$$,4.1,126,"1939 S Bancroft St, Philadelphia, PA 19145","Breweries, Beer Bar, American"
372,11th & Washington,1310.7547803363736,Monk's Cafe,$$,4.0,2432,"264 S 16th St, Philadelphia, PA 19102","Pubs, Belgian"
373,11th & Washington,1452.4085482521702,McGillin's Olde Ale House,$$,3.8,1165,"1310 Drury St, Philadelphia, PA 19107","Irish Pub, Venues & Event Spaces"
374,11th & Washington,1923.9745006050196,Khyber Pass Pub,$$,4.2,942,"56 S 2nd St, Philadelphia, PA 19106","Gastropubs, Pubs, American"
375,24th & Race SRT,1430.5363109299628,Bar Hygge,$$,4.4,525,"1720 Fairmount Ave, Philadelphia, PA 19130","Comfort Food, Breakfast & Brunch, Brewpubs"
376,24th & Race SRT,1440.2432688204092,Monk's Cafe,$$,4.0,2432,"264 S 16th St, Philadelphia, PA 19102","Pubs, Belgian"
377,24th & Race SRT,1595.1771874556512,McGillin's Olde Ale House,$$,3.8,1165,"1310 Drury St, Philadelphia, PA 19107","Irish Pub, Venues & Event Spaces"
378,"Pennsylvania & Fairmount, Perelman Building",1142.7787564989094,Bar Hygge,$$,4.4,525,"1720 Fairmount Ave, Philadelphia, PA 19130","Comfort Food, Breakfast & Brunch, Brewpubs"
379,6th & Race,810.9508625008164,Yards Brewing Company,$$,4.4,1048,"500 Spring Garden St, Philadelphia, PA 19123","Breweries, Venues & Event Spaces, New American"
380,6th & Race,2012.2022561302163,Bar Hygge,$$,4.4,525,"1720 Fairmount Ave, Philadelphia, PA 19130","Comfort Food, Breakfast & Brunch, Brewpubs"
381,6th & Race,766.1566898058757,Khyber Pass Pub,$$,4.2,942,"56 S 2nd St, Philadelphia, PA 19106","Gastropubs, Pubs, American"
382,6th & Race,1167.1121438151492,McGillin's Olde Ale House,$$,3.8,1165,"1310 Drury St, Philadelphia, PA 19107","Irish Pub, Venues & Event Spaces"
383,Broad & Christian,1062.1326854180331,Dock Street Brewery South,$$,3.7,134,"2118 Washington Ave, Philadelphia, PA 19146","Venues & Event Spaces, Brewpubs"
384,Broad & Christian,843.392461204333,Monk's Cafe,$$,4.0,2432,"264 S 16th St, Philadelphia, PA 19102","Pubs, Belgian"
385,Broad & Christian,1177.9926232960763,McGillin's Olde Ale House,$$,3.8,1165,"1310 Drury St, Philadelphia, PA 19107","Irish Pub, Venues & Event Spaces"
386,Broad & Cherry,1364.5422843306246,Bar Hygge,$$,4.4,525,"1720 Fairmount Ave, Philadelphia, PA 19130","Comfort Food, Breakfast & Brunch, Brewpubs"
387,Broad & Cherry,1508.5034131554557,Yards Brewing Company,$$,4.4,1048,"500 Spring Garden St, Philadelphia, PA 19123","Breweries, Venues & Event Spaces, New American"
388,Broad & Cherry,540.0694552345238,McGillin's Olde Ale House,$$,3.8,1165,"1310 Drury St, Philadelphia, PA 19107","Irish Pub, Venues & Event Spaces"
389,Broad & Cherry,944.4154449471621,Monk's Cafe,$$,4.0,2432,"264 S 16th St, Philadelphia, PA 19102","Pubs, Belgian"
390,13th & Locust,235.06837610212455,McGillin's Olde Ale House,$$,3.8,1165,"1310 Drury St, Philadelphia, PA 19107","Irish Pub, Venues & Event Spaces"
391,13th & Locust,516.2924894139284,Monk's Cafe,$$,4.0,2432,"264 S 16th St, Philadelphia, PA 19102","Pubs, Belgian"
392,13th & Locust,1934.2814355160801,Yards Brewing Company,$$,4.4,1048,"500 Spring Garden St, Philadelphia, PA 19123","Breweries, Venues & Event Spaces, New American"
393,13th & Locust,1762.4721128218428,Dock Street Brewery South,$$,3.7,134,"2118 Washington Ave, Philadelphia, PA 19146","Venues & Event Spaces, Brewpubs"
394,10th & Federal,1408.7260440459004,Second District Brewing,$$,4.1,126,"1939 S Bancroft St, Philadelphia, PA 19145","Breweries, Beer Bar, American"
395,10th & Federal,1633.084354793004,Monk's Cafe,$$,4.0,2432,"264 S 16th St, Philadelphia, PA 19102","Pubs, Belgian"
396,Rodin Museum,859.2089393355743,Bar Hygge,$$,4.4,525,"1720 Fairmount Ave, Philadelphia, PA 19130","Comfort Food, Breakfast & Brunch, Brewpubs"
397,Rodin Museum,1682.1469814742431,McGillin's Olde Ale House,$$,3.8,1165,"1310 Drury St, Philadelphia, PA 19107","Irish Pub, Venues & Event Spaces"
398,Frankford & Belgrade,429.0452947597648,Evil Genius Beer,$$,4.1,317,"1727 N Front St, Philadelphia, PA 19122","Breweries, Beer Gardens"
399,Frankford & Belgrade,1617.922183536793,Yards Brewing Company,$$,4.4,1048,"500 Spring Garden St, Philadelphia, PA 19123","Breweries, Venues & Event Spaces, New American"
400,Frankford & Belgrade,607.7779694674409,Kraftwork,$$,4.1,590,"541 E Girard Ave, Philadelphia, PA 19125","Gastropubs, New American, Breakfast & Brunch"
401,9th & Arch,1051.4791899715788,Yards Brewing Company,$$,4.4,1048,"500 Spring Garden St, Philadelphia, PA 19123","Breweries, Venues & Event Spaces, New American"
402,9th & Arch,789.6297245012358,McGillin's Olde Ale House,$$,3.8,1165,"1310 Drury St, Philadelphia, PA 19107","Irish Pub, Venues & Event Spaces"
403,9th & Arch,1350.214590442307,Monk's Cafe,$$,4.0,2432,"264 S 16th St, Philadelphia, PA 19102","Pubs, Belgian"
404,9th & Arch,1008.5595054621318,Khyber Pass Pub,$$,4.2,942,"56 S 2nd St, Philadelphia, PA 19106","Gastropubs, Pubs, American"
405,9th & Locust,582.4183915779039,McGillin's Olde Ale House,$$,3.8,1165,"1310 Drury St, Philadelphia, PA 19107","Irish Pub, Venues & Event Spaces"
406,9th & Locust,967.3490331807832,Monk's Cafe,$$,4.0,2432,"264 S 16th St, Philadelphia, PA 19102","Pubs, Belgian"
407,9th & Locust,1094.588359872273,Khyber Pass Pub,$$,4.2,942,"56 S 2nd St, Philadelphia, PA 19106","Gastropubs, Pubs, American"
408,10th & Oxford,1645.102864637649,Bar Hygge,$$,4.4,525,"1720 Fairmount Ave, Philadelphia, PA 19130","Comfort Food, Breakfast & Brunch, Brewpubs"
409,10th & Oxford,1455.9510327636474,Evil Genius Beer,$$,4.1,317,"1727 N Front St, Philadelphia, PA 19122","Breweries, Beer Gardens"
410,Free Library of Philadelphia - Central Library,949.2643166832923,Bar Hygge,$$,4.4,525,"1720 Fairmount Ave, Philadelphia, PA 19130","Comfort Food, Breakfast & Brunch, Brewpubs"
411,Free Library of Philadelphia - Central Library,1294.0863319051673,Monk's Cafe,$$,4.0,2432,"264 S 16th St, Philadelphia, PA 19102","Pubs, Belgian"
412,Free Library of Philadelphia - Central Library,1196.7317431958843,McGillin's Olde Ale House,$$,3.8,1165,"1310 Drury St, Philadelphia, PA 19107","Irish Pub, Venues & Event Spaces"
413,29th & Tasker,1334.1170358576433,Dock Street Brewery South,$$,3.7,134,"2118 Washington Ave, Philadelphia, PA 19146","Venues & Event Spaces, Brewpubs"
414,11th & Market ,1451.2785557091124,Yards Brewing Company,$$,4.4,1048,"500 Spring Garden St, Philadelphia, PA 19123","Breweries, Venues & Event Spaces, New American"
415,11th & Market ,355.40371941781683,McGillin's Olde Ale House,$$,3.8,1165,"1310 Drury St, Philadelphia, PA 19107","Irish Pub, Venues & Event Spaces"
416,11th & Market ,916.3730181578504,Monk's Cafe,$$,4.0,2432,"264 S 16th St, Philadelphia, PA 19102","Pubs, Belgian"
417,11th & Market ,1294.2738496136594,Khyber Pass Pub,$$,4.2,942,"56 S 2nd St, Philadelphia, PA 19106","Gastropubs, Pubs, American"
418,17th & Locust,182.72040118199646,Monk's Cafe,$$,4.0,2432,"264 S 16th St, Philadelphia, PA 19102","Pubs, Belgian"
419,17th & Locust,630.3338826177181,McGillin's Olde Ale House,$$,3.8,1165,"1310 Drury St, Philadelphia, PA 19107","Irish Pub, Venues & Event Spaces"
420,17th & Locust,1349.4783173933452,Dock Street Brewery South,$$,3.7,134,"2118 Washington Ave, Philadelphia, PA 19146","Venues & Event Spaces, Brewpubs"
421,Broad & Federal,1153.9413509068177,Second District Brewing,$$,4.1,126,"1939 S Bancroft St, Philadelphia, PA 19145","Breweries, Beer Bar, American"
422,Broad & Federal,1117.4003413928265,Dock Street Brewery South,$$,3.7,134,"2118 Washington Ave, Philadelphia, PA 19146","Venues & Event Spaces, Brewpubs"
423,Broad & Federal,1361.5017810197571,Monk's Cafe,$$,4.0,2432,"264 S 16th St, Philadelphia, PA 19102","Pubs, Belgian"
424,27th & South,884.3757316359663,Dock Street Brewery South,$$,3.7,134,"2118 Washington Ave, Philadelphia, PA 19146","Venues & Event Spaces, Brewpubs"
425,27th & South,1416.8624841955743,Monk's Cafe,$$,4.0,2432,"264 S 16th St, Philadelphia, PA 19102","Pubs, Belgian"
426,"3rd & Wildey, Liberty Lands Park",718.3976859026745,Yards Brewing Company,$$,4.4,1048,"500 Spring Garden St, Philadelphia, PA 19123","Breweries, Venues & Event Spaces, New American"
427,"3rd & Wildey, Liberty Lands Park",1265.6656431099905,Evil Genius Beer,$$,4.1,317,"1727 N Front St, Philadelphia, PA 19122","Breweries, Beer Gardens"
428,"3rd & Wildey, Liberty Lands Park",1392.4682997015216,Kraftwork,$$,4.1,590,"541 E Girard Ave, Philadelphia, PA 19125","Gastropubs, New American, Breakfast & Brunch"
429,19th & Oregon,1065.6304502489747,Second District Brewing,$$,4.1,126,"1939 S Bancroft St, Philadelphia, PA 19145","Breweries, Beer Bar, American"
430,American & Oxford,528.613445040417,Evil Genius Beer,$$,4.1,317,"1727 N Front St, Philadelphia, PA 19122","Breweries, Beer Gardens"
431,American & Oxford,1151.833729485875,Kraftwork,$$,4.1,590,"541 E Girard Ave, Philadelphia, PA 19125","Gastropubs, New American, Breakfast & Brunch"
432,"26th & Moore, Vare Recreation Center",1467.2629331600162,Second District Brewing,$$,4.1,126,"1939 S Bancroft St, Philadelphia, PA 19145","Breweries, Beer Bar, American"
433,"26th & Moore, Vare Recreation Center",1264.8461628856378,Dock Street Brewery South,$$,3.7,134,"2118 Washington Ave, Philadelphia, PA 19146","Venues & Event Spaces, Brewpubs"
434,23rd & Market,1734.3710449392709,Bar Hygge,$$,4.4,525,"1720 Fairmount Ave, Philadelphia, PA 19130","Comfort Food, Breakfast & Brunch, Brewpubs"
435,23rd & Market,1077.8986765300147,Monk's Cafe,$$,4.0,2432,"264 S 16th St, Philadelphia, PA 19102","Pubs, Belgian"
436,23rd & Market,1353.7264417623169,McGillin's Olde Ale House,$$,3.8,1165,"1310 Drury St, Philadelphia, PA 19107","Irish Pub, Venues & Event Spaces"
